,cpf,cnpj,id
0,730.666.192-22,59.846.442/0001-04,0
1,863.889.303-52,78.479.253/0001-87,1
2,333.180.038-40,85.118.996/0001-97,2
3,119.189.989-65,70.571.659/0001-83,3
4,884.592.857-82,55.410.231/0001-65,4
5,905.606.031-77,51.826.335/0001-02,5
6,724.338.846-91,83.188.672/0001-08,6
7,451.955.630-98,39.989.185/0001-44,7
8,563.268.372-94,16.001.882/0001-40,8
9,460.826.137-16,12.053.009/0001-40,9
10,770.362.432-28,14.464.121/0001-07,10
11,014.904.403-80,76.844.552/0001-48,11
12,601.317.648-53,77.756.317/0001-87,12
13,902.805.230-50,02.496.563/0001-48,13
14,062.021.895-92,20.909.606/0001-51,14
15,500.541.081-36,60.692.675/0001-70,15
16,558.243.678-25,44.786.154/0001-26,16
17,069.523.393-96,24.576.750/0001-74,17
18,302.516.033-00,22.918.935/0001-94,18
19,725.575.884-31,77.883.192/0001-56,19
20,443.271.352-67,27.282.595/0001-71,20
21,289.995.598-58,66.911.409/0001-78,21
22,277.226.519-68,21.023.082/0001-60,22
23,381.461.552-27,42.750.294/0001-19,23
24,746.222.406-29,71.019.772/0001-13,24
25,721.565.005-76,96.088.291/0001-90,25
26,272.715.491-70,68.445.829/0001-31,26
27,226.426.777-10,56.773.021/0001-02,27
28,768.610.402-82,40.830.356/0001-77,28
29,097.345.645-01,40.588.584/0001-82,29
30,330.600.050-79,03.982.215/0001-43,30
31,460.773.496-90,19.226.827/0001-46,31
32,852.502.176-80,61.583.517/0001-45,32
33,531.389.323-80,04.245.520/0001-15,33
34,170.537.640-10,94.267.638/0001-37,34
35,432.712.853-81,01.048.503/0001-08,35
36,051.142.045-56,29.074.843/0001-14,36
37,360.853.306-00,89.938.157/0001-76,37
38,047.478.368-53,17.529.801/0001-41,38
39,423.408.788-29,29.879.514/0001-40,39
40,924.893.308-45,48.774.243/0001-03,40
41,334.242.790-64,55.082.608/0001-02,41
42,082.837.225-06,17.251.154/0001-59,42
43,084.401.865-17,05.145.116/0001-32,43
44,123.896.159-29,73.464.181/0001-80,44
45,465.732.945-64,94.500.714/0001-02,45
46,972.231.507-26,15.314.759/0001-16,46
47,769.945.715-30,17.506.685/0001-45,47
48,283.038.317-63,30.398.799/0001-87,48
49,408.264.795-37,00.230.677/0001-16,49
50,739.998.132-96,88.246.231/0001-20,50
51,264.115.570-20,00.262.987/0001-12,51
52,602.754.494-59,11.232.983/0001-08,52
53,143.982.219-05,59.528.196/0001-34,53
54,392.399.056-18,39.535.581/0001-00,54
55,883.547.182-63,12.525.923/0001-46,55
56,404.491.217-39,87.012.606/0001-25,56
57,525.909.702-50,80.132.275/0001-18,57
58,655.344.365-30,35.642.716/0001-77,58
59,044.545.636-16,45.738.443/0001-12,59
60,161.255.151-33,21.804.846/0001-54,60
61,462.772.133-18,59.633.167/0001-32,61
62,669.327.592-33,39.624.380/0001-70,62
63,094.930.831-52,81.744.680/0001-50,63
64,848.616.295-51,20.067.531/0001-09,64
65,291.418.616-98,24.251.730/0001-23,65
66,062.788.746-52,47.405.136/0001-45,66
67,947.584.588-71,27.207.247/0001-30,67
68,880.344.136-07,45.388.351/0001-50,68
69,366.248.620-25,37.058.193/0001-41,69
70,032.941.025-34,57.500.937/0001-43,70
71,977.134.292-47,61.319.830/0001-70,71
72,371.247.230-78,26.478.934/0001-27,72
73,117.415.112-91,77.926.603/0001-43,73
74,829.255.692-34,59.581.924/0001-71,74
75,497.997.774-02,05.633.441/0001-44,75
76,564.814.188-28,94.225.854/0001-10,76
77,675.609.324-01,24.419.337/0001-04,77
78,052.041.642-27,88.809.471/0001-96,78
79,538.790.663-53,65.961.908/0001-07,79
80,479.216.298-06,41.389.936/0001-33,80
81,762.847.198-68,34.293.363/0001-84,81
82,270.522.511-08,37.352.821/0001-05,82
83,714.384.092-06,19.974.001/0001-65,83
84,084.599.126-47,13.026.178/0001-53,84
85,043.712.511-45,06.981.499/0001-41,85
86,281.497.365-73,10.329.188/0001-70,86
87,442.021.670-07,12.913.581/0001-31,87
88,704.498.518-18,47.758.445/0001-07,88
89,670.257.425-89,42.699.264/0001-25,89
90,273.728.963-71,59.815.597/0001-75,90
91,720.999.971-01,06.795.364/0001-91,91
92,339.702.359-95,11.246.556/0001-89,92
93,220.058.599-31,85.283.065/0001-44,93
94,108.925.513-64,61.780.044/0001-76,94
95,376.009.005-21,89.311.625/0001-88,95
96,730.545.803-18,91.855.966/0001-66,96
97,932.047.103-78,48.808.553/0001-00,97
98,856.333.385-29,70.653.488/0001-31,98
99,634.586.684-97,25.697.790/0001-37,99
100,582.835.988-64,53.596.359/0001-30,100
101,900.789.559-12,17.663.395/0001-05,101
102,583.833.893-88,39.706.683/0001-32,102
103,333.260.331-09,04.520.710/0001-01,103
104,400.184.591-10,71.476.916/0001-60,104
105,113.521.526-06,11.394.290/0001-11,105
106,271.289.355-76,21.029.334/0001-68,106
107,667.712.640-41,01.408.738/0001-55,107
108,500.646.068-72,73.940.040/0001-97,108
109,830.632.161-86,12.046.992/0001-77,109
110,088.249.173-30,27.560.566/0001-24,110
111,538.864.450-20,39.832.972/0001-88,111
112,228.058.858-72,76.580.361/0001-16,112
113,521.121.028-00,01.032.553/0001-99,113
114,737.452.686-52,43.540.536/0001-02,114
115,120.372.587-63,16.512.919/0001-02,115
116,107.390.267-63,76.664.023/0001-62,116
117,637.597.408-98,28.709.727/0001-61,117
118,923.163.214-02,72.959.457/0001-39,118
119,457.268.752-81,17.938.541/0001-68,119
120,657.805.238-00,18.435.345/0001-33,120
121,231.365.517-29,61.963.618/0001-41,121
122,177.458.374-72,55.205.273/0001-64,122
123,963.688.342-42,63.256.300/0001-56,123
124,954.830.331-08,72.811.362/0001-73,124
125,438.931.665-64,23.406.588/0001-83,125
126,268.292.340-26,81.860.302/0001-31,126
127,701.840.648-05,64.952.108/0001-67,127
128,464.221.048-20,60.894.342/0001-24,128
129,570.201.823-05,92.668.212/0001-60,129
130,824.132.131-71,74.905.777/0001-31,130
131,671.202.463-30,94.286.231/0001-57,131
132,487.668.383-20,16.639.185/0001-19,132
133,386.740.652-95,30.822.864/0001-50,133
134,723.453.851-89,04.765.896/0001-50,134
135,284.233.001-37,07.695.697/0001-01,135
136,330.806.673-44,00.713.373/0001-00,136
137,040.180.629-40,89.910.103/0001-00,137
138,490.603.316-48,66.933.753/0001-68,138
139,947.936.036-53,07.892.284/0001-17,139
140,201.367.796-03,73.307.748/0001-05,140
141,251.866.470-04,09.121.813/0001-04,141
142,391.769.682-78,85.399.482/0001-57,142
143,435.090.547-25,95.506.558/0001-50,143
144,556.247.887-03,32.465.330/0001-49,144
145,964.935.016-01,22.944.296/0001-31,145
146,686.457.303-67,19.420.149/0001-58,146
147,878.650.530-02,62.110.500/0001-33,147
148,633.759.842-35,19.022.079/0001-80,148
149,326.872.786-70,79.766.344/0001-66,149
150,193.101.422-19,17.185.314/0001-09,150
151,691.240.590-80,34.020.285/0001-44,151
152,941.212.855-06,16.290.981/0001-99,152
153,369.374.834-90,88.814.801/0001-31,153
154,982.161.666-64,66.875.805/0001-97,154
155,551.385.392-21,28.045.502/0001-58,155
156,539.769.377-46,30.626.881/0001-11,156
157,671.864.501-05,27.512.502/0001-58,157
158,859.699.298-75,98.085.634/0001-99,158
159,491.316.877-09,16.842.288/0001-81,159
160,118.061.922-68,02.062.565/0001-29,160
161,159.285.678-04,87.745.993/0001-09,161
162,884.185.647-50,48.216.639/0001-35,162
163,034.749.868-05,28.665.578/0001-86,163
164,402.040.049-00,06.943.199/0001-78,164
165,812.002.691-87,90.128.341/0001-30,165
166,469.868.366-19,65.119.229/0001-95,166
167,327.921.403-30,02.572.699/0001-90,167
168,002.695.578-49,04.214.517/0001-34,168
169,695.121.214-76,06.336.615/0001-70,169
170,612.708.598-54,78.964.508/0001-05,170
171,244.374.128-18,78.813.317/0001-34,171
172,270.316.964-70,52.104.380/0001-08,172
173,603.122.692-85,15.988.926/0001-04,173
174,880.093.048-40,69.795.167/0001-92,174
175,833.061.965-68,36.035.472/0001-27,175
176,042.129.122-28,14.593.413/0001-31,176
177,837.268.769-28,06.403.476/0001-50,177
178,444.696.924-25,25.665.020/0001-02,178
179,594.482.804-83,73.221.163/0001-78,179
180,713.014.429-76,32.774.897/0001-05,180
181,131.880.586-40,09.120.937/0001-75,181
182,566.915.018-02,08.861.964/0001-36,182
183,116.579.256-76,21.560.455/0001-31,183
184,564.102.251-99,18.349.339/0001-63,184
185,585.099.784-92,17.257.618/0001-34,185
186,867.412.630-80,90.013.922/0001-26,186
187,279.378.126-64,03.786.390/0001-65,187
188,420.865.048-61,63.752.145/0001-69,188
189,999.697.435-97,69.386.529/0001-91,189
190,727.092.923-86,16.175.012/0001-97,190
191,222.817.366-52,45.955.155/0001-10,191
192,733.312.029-59,41.591.773/0001-77,192
193,005.079.113-34,55.086.654/0001-71,193
194,057.877.369-40,77.966.259/0001-16,194
195,760.552.748-92,00.869.689/0001-95,195
196,927.616.198-89,25.619.765/0001-35,196
197,567.582.670-08,36.406.657/0001-09,197
198,841.749.460-00,94.518.076/0001-57,198
199,409.881.702-05,24.810.117/0001-07,199
200,893.239.534-90,09.893.345/0001-96,200
201,040.021.058-49,24.138.187/0001-52,201
202,067.907.848-70,64.647.015/0001-29,202
203,387.156.202-55,45.012.979/0001-56,203
204,382.342.795-48,48.946.351/0001-16,204
205,801.582.329-33,04.239.509/0001-42,205
206,958.758.393-09,07.813.419/0001-01,206
207,534.274.049-51,59.031.105/0001-50,207
208,873.607.035-14,47.947.152/0001-60,208
209,436.695.807-43,66.316.858/0001-78,209
210,293.572.966-89,75.771.282/0001-20,210
211,135.612.260-43,71.629.988/0001-09,211
212,401.230.004-08,09.647.448/0001-76,212
213,950.914.956-06,44.131.221/0001-74,213
214,078.481.731-60,14.710.695/0001-00,214
215,366.320.472-38,66.312.738/0001-00,215
216,685.903.026-79,87.119.878/0001-29,216
217,366.658.793-30,72.175.512/0001-08,217
218,871.576.968-27,07.548.696/0001-34,218
219,051.331.155-63,88.667.476/0001-21,219
220,507.122.449-64,16.054.927/0001-44,220
221,646.441.495-00,14.210.754/0001-80,221
222,923.479.987-90,19.160.332/0001-61,222
223,402.211.878-47,69.192.567/0001-03,223
224,981.118.942-01,35.243.911/0001-24,224
225,331.915.298-02,28.309.305/0001-07,225
226,860.699.994-60,76.461.921/0001-13,226
227,440.022.236-55,37.275.190/0001-60,227
228,360.137.356-46,44.416.654/0001-76,228
229,238.530.995-56,04.696.215/0001-40,229
230,679.661.788-62,72.878.245/0001-27,230
231,495.781.685-94,63.586.247/0001-51,231
232,524.478.441-23,95.269.749/0001-45,232
233,672.978.566-73,59.083.956/0001-47,233
234,648.688.354-59,17.957.539/0001-36,234
235,808.375.039-57,79.593.617/0001-18,235
236,751.352.661-35,62.390.145/0001-01,236
237,341.010.238-83,39.064.558/0001-76,237
238,130.520.705-09,04.663.753/0001-38,238
239,194.607.406-34,23.599.595/0001-49,239
240,133.247.473-09,76.923.544/0001-97,240
241,959.538.721-51,64.622.677/0001-44,241
242,046.566.208-07,53.950.001/0001-63,242
243,510.524.389-70,26.940.145/0001-66,243
244,460.816.748-00,69.788.616/0001-75,244
245,617.160.501-89,02.506.748/0001-96,245
246,457.723.775-07,65.945.705/0001-27,246
247,314.715.131-06,88.506.212/0001-96,247
248,893.672.393-60,76.345.319/0001-10,248
249,770.867.452-27,79.500.445/0001-90,249
250,583.229.970-19,77.841.195/0001-27,250
251,464.410.757-33,00.853.274/0001-23,251
252,158.113.291-30,66.898.194/0001-00,252
253,269.761.638-16,49.275.879/0001-73,253
254,226.731.265-46,05.339.008/0001-09,254
255,355.982.533-48,77.741.398/0001-41,255
256,100.447.541-16,48.322.877/0001-25,256
257,092.418.317-90,63.416.320/0001-47,257
258,962.858.532-07,59.928.315/0001-46,258
259,117.633.271-67,63.947.942/0001-00,259
260,280.111.964-48,08.312.260/0001-04,260
261,917.096.060-70,01.113.432/0001-71,261
262,611.811.825-65,16.733.733/0001-75,262
263,469.485.422-47,68.444.159/0001-39,263
264,694.024.822-61,02.991.006/0001-01,264
265,772.198.554-43,13.469.803/0001-31,265
266,849.323.297-17,08.545.187/0001-10,266
267,906.442.575-20,14.387.865/0001-67,267
268,308.282.642-36,90.027.705/0001-95,268
269,647.924.540-77,65.185.434/0001-59,269
270,684.857.652-22,33.989.083/0001-42,270
271,680.014.013-91,72.618.624/0001-88,271
272,520.800.024-57,68.380.529/0001-11,272
273,439.377.334-93,65.132.045/0001-65,273
274,170.599.452-02,05.785.882/0001-61,274
275,526.173.924-14,74.529.313/0001-78,275
276,362.178.971-56,89.302.862/0001-82,276
277,363.294.059-21,74.962.297/0001-02,277
278,074.774.463-76,81.189.804/0001-82,278
279,718.925.276-26,26.443.384/0001-00,279
280,864.987.301-45,28.466.210/0001-99,280
281,171.748.333-06,08.051.448/0001-46,281
282,984.241.017-07,47.824.740/0001-06,282
283,307.358.312-20,06.770.632/0001-10,283
284,118.769.700-14,90.742.675/0001-07,284
285,729.984.412-54,92.225.330/0001-01,285
286,564.729.207-02,00.983.091/0001-22,286
287,148.735.526-21,66.011.940/0001-94,287
288,631.238.951-06,52.471.126/0001-48,288
289,820.373.162-75,33.321.615/0001-79,289
290,231.762.118-30,35.243.721/0001-07,290
291,267.835.552-75,16.176.736/0001-55,291
292,722.702.312-52,61.573.109/0001-02,292
293,335.396.106-26,29.199.211/0001-87,293
294,833.049.217-61,86.864.407/0001-82,294
295,176.344.468-66,56.343.764/0001-34,295
296,570.713.707-61,35.125.145/0001-01,296
297,022.398.934-78,06.092.334/0001-19,297
298,138.345.502-30,90.126.609/0001-02,298
299,635.066.688-70,28.005.787/0001-01,299
300,990.077.970-34,83.639.035/0001-00,300
301,529.781.268-25,28.349.335/0001-39,301
302,397.344.555-91,49.713.497/0001-84,302
303,010.636.865-63,87.627.194/0001-38,303
304,988.884.014-23,18.429.778/0001-86,304
305,603.687.071-05,29.381.102/0001-86,305
306,884.155.334-03,13.462.273/0001-08,306
307,751.351.751-72,54.153.399/0001-70,307
308,093.292.619-30,15.811.325/0001-21,308
309,827.709.775-12,67.605.250/0001-26,309
310,406.587.227-86,05.904.092/0001-58,310
311,715.240.635-92,79.931.576/0001-22,311
312,172.009.411-07,80.930.204/0001-60,312
313,125.894.467-72,07.688.272/0001-75,313
314,327.050.715-12,57.134.606/0001-37,314
315,140.105.108-11,75.111.745/0001-27,315
316,277.264.577-08,98.977.299/0001-33,316
317,551.622.083-10,71.502.438/0001-16,317
318,648.444.130-82,34.692.858/0001-86,318
319,705.280.487-59,92.207.749/0001-22,319
320,414.344.126-87,55.098.217/0001-78,320
321,509.024.037-02,65.017.969/0001-10,321
322,647.742.414-23,55.562.730/0001-78,322
323,904.346.105-93,33.933.784/0001-60,323
324,024.359.449-69,79.630.373/0001-04,324
325,463.601.310-72,95.731.897/0001-30,325
326,592.739.016-11,12.522.869/0001-85,326
327,847.978.165-38,39.395.483/0001-06,327
328,308.030.438-13,92.175.042/0001-81,328
329,883.831.285-09,04.046.012/0001-08,329
330,190.100.290-00,92.785.021/0001-88,330
331,683.135.235-90,22.085.041/0001-60,331
332,323.095.713-00,33.781.579/0001-26,332
333,089.418.679-59,39.891.142/0001-21,333
334,140.476.889-08,14.946.830/0001-10,334
335,453.946.577-50,22.732.974/0001-00,335
336,093.442.209-56,71.506.748/0001-09,336
337,470.445.867-91,11.471.698/0001-40,337
338,301.114.145-20,68.766.384/0001-91,338
339,001.247.408-80,20.889.134/0001-12,339
340,929.033.770-22,80.358.471/0001-05,340
341,711.364.016-87,12.637.560/0001-30,341
342,456.341.881-13,34.568.756/0001-53,342
343,455.944.883-32,30.479.782/0001-54,343
344,020.688.049-99,38.721.672/0001-69,344
345,741.880.670-12,67.958.267/0001-67,345
346,200.691.538-09,42.980.006/0001-12,346
347,036.214.628-48,66.096.744/0001-60,347
348,414.727.801-91,15.667.788/0001-61,348
349,827.403.707-33,63.320.545/0001-03,349
350,975.761.052-67,14.734.436/0001-19,350
351,606.536.306-54,83.648.022/0001-90,351
352,182.948.094-46,28.881.952/0001-80,352
353,156.897.637-21,46.805.404/0001-53,353
354,713.637.633-50,43.627.485/0001-50,354
355,504.222.514-53,76.243.048/0001-92,355
356,844.352.227-52,00.659.183/0001-51,356
357,137.137.551-83,82.972.461/0001-90,357
358,021.997.752-67,54.432.742/0001-15,358
359,725.244.102-42,36.537.358/0001-03,359
360,296.952.932-71,53.240.546/0001-86,360
361,464.521.109-93,28.284.062/0001-91,361
362,726.858.055-08,07.472.261/0001-53,362
363,996.906.349-92,24.469.014/0001-17,363
364,966.185.308-81,62.275.580/0001-87,364
365,489.529.825-68,32.846.974/0001-87,365
366,851.528.381-68,65.574.987/0001-01,366
367,830.833.134-38,10.893.742/0001-47,367
368,052.722.738-26,18.551.197/0001-12,368
369,838.452.607-93,18.908.628/0001-55,369
370,098.280.987-50,68.144.229/0001-33,370
371,132.593.142-02,06.321.155/0001-06,371
372,096.677.482-51,91.965.129/0001-90,372
373,255.227.068-99,21.454.317/0001-78,373
374,793.562.897-19,36.697.410/0001-80,374
375,103.639.729-78,22.873.253/0001-02,375
376,345.985.751-07,34.299.187/0001-98,376
377,699.164.881-77,17.868.583/0001-70,377
378,132.282.684-62,87.182.287/0001-04,378
379,224.784.898-21,99.348.667/0001-47,379
380,580.866.319-90,43.908.480/0001-04,380
381,400.748.003-61,21.072.819/0001-34,381
382,412.248.193-73,53.901.178/0001-70,382
383,841.581.157-87,03.488.133/0001-47,383
384,012.397.078-43,11.741.052/0001-35,384
385,700.309.824-56,05.551.129/0001-01,385
386,280.011.520-30,79.461.091/0001-12,386
387,481.114.351-50,62.140.327/0001-16,387
388,614.706.887-35,91.392.142/0001-05,388
389,525.331.324-97,95.170.862/0001-79,389
390,341.389.327-04,49.437.553/0001-03,390
391,768.090.365-47,84.758.481/0001-99,391
392,799.271.627-23,99.956.235/0001-19,392
393,773.397.397-00,89.418.516/0001-64,393
394,538.231.570-19,93.966.708/0001-82,394
395,699.127.075-08,75.135.350/0001-64,395
396,734.344.686-09,80.554.945/0001-94,396
397,313.335.845-63,33.794.367/0001-83,397
398,917.228.773-08,18.501.867/0001-96,398
399,998.861.066-11,96.632.825/0001-06,399
400,039.703.853-42,85.836.585/0001-37,400
401,653.641.824-79,29.690.562/0001-96,401
402,452.830.792-87,56.935.836/0001-32,402
403,416.120.583-02,53.743.227/0001-93,403
404,138.887.963-85,13.273.481/0001-50,404
405,319.582.791-37,04.046.186/0001-70,405
406,810.716.701-58,93.449.786/0001-00,406
407,655.708.757-60,95.295.987/0001-25,407
408,565.037.466-01,34.719.543/0001-85,408
409,110.856.313-97,47.020.596/0001-55,409
410,207.087.781-78,82.057.158/0001-62,410
411,031.535.632-41,88.387.750/0001-09,411
412,672.163.781-21,30.654.366/0001-45,412
413,223.353.032-28,89.033.075/0001-82,413
414,278.891.657-49,21.327.311/0001-30,414
415,052.340.234-19,27.307.764/0001-80,415
416,057.845.915-92,21.396.865/0001-99,416
417,545.279.851-08,66.533.540/0001-49,417
418,125.571.398-40,91.892.377/0001-58,418
419,341.721.819-53,02.327.194/0001-60,419
420,076.239.262-25,89.377.985/0001-82,420
421,573.449.858-02,01.885.288/0001-91,421
422,781.543.496-71,36.385.744/0001-19,422
423,825.957.603-19,20.650.288/0001-57,423
424,555.805.985-05,61.536.583/0001-64,424
425,445.334.837-12,55.081.151/0001-03,425
426,757.352.862-00,13.524.325/0001-15,426
427,823.357.299-34,17.661.191/0001-35,427
428,224.062.597-06,80.802.559/0001-74,428
429,240.502.173-09,37.004.016/0001-82,429
430,085.171.839-67,71.889.624/0001-50,430
431,736.612.389-73,86.898.802/0001-86,431
432,346.114.549-16,62.440.894/0001-98,432
433,303.261.107-55,62.203.215/0001-67,433
434,535.093.393-04,54.077.622/0001-47,434
435,096.709.747-98,89.523.051/0001-01,435
436,110.555.220-93,51.877.895/0001-88,436
437,072.907.438-22,80.384.499/0001-17,437
438,803.921.255-36,23.598.872/0001-07,438
439,694.052.602-19,32.735.228/0001-16,439
440,974.971.462-89,74.139.648/0001-80,440
441,846.162.805-50,26.978.084/0001-26,441
442,679.973.401-81,75.546.536/0001-06,442
443,226.638.058-31,02.986.276/0001-16,443
444,084.411.046-97,19.022.505/0001-85,444
445,905.680.369-72,48.315.155/0001-43,445
446,043.126.744-85,70.399.724/0001-35,446
447,976.203.495-37,83.257.354/0001-43,447
448,630.285.700-76,88.873.669/0001-39,448
449,793.586.825-58,98.233.749/0001-83,449
450,757.013.273-45,48.159.023/0001-70,450
451,054.543.513-77,28.079.702/0001-21,451
452,101.990.142-05,36.559.762/0001-70,452
453,211.885.902-35,06.096.094/0001-20,453
454,352.419.063-47,48.859.537/0001-38,454
455,605.483.692-75,72.150.560/0001-33,455
456,903.843.565-75,00.881.469/0001-87,456
457,374.233.615-00,99.580.503/0001-40,457
458,521.301.746-04,65.641.715/0001-79,458
459,234.807.165-71,76.180.653/0001-61,459
460,116.108.082-15,67.194.330/0001-36,460
461,323.001.417-01,80.914.116/0001-75,461
462,825.370.471-25,71.366.017/0001-05,462
463,960.453.276-67,56.346.216/0001-68,463
464,133.555.028-39,90.793.197/0001-56,464
465,135.285.466-03,29.294.975/0001-51,465
466,753.369.221-70,80.709.690/0001-91,466
467,266.687.057-07,61.695.967/0001-20,467
468,256.135.361-39,92.366.970/0001-23,468
469,864.543.284-65,68.276.642/0001-51,469
470,806.863.604-86,64.758.610/0001-31,470
471,153.593.022-59,28.922.568/0001-89,471
472,728.817.961-33,81.338.651/0001-98,472
473,265.479.673-60,39.504.944/0001-31,473
474,798.445.841-32,07.928.059/0001-93,474
475,930.767.719-06,22.162.774/0001-51,475
476,739.050.473-06,94.933.844/0001-39,476
477,072.187.712-54,20.366.181/0001-81,477
478,234.745.413-74,24.288.000/0001-05,478
479,925.456.072-31,07.725.689/0001-60,479
480,814.725.352-43,64.429.788/0001-39,480
481,276.772.015-80,92.884.251/0001-02,481
482,296.134.068-32,98.643.882/0001-08,482
483,751.820.834-24,42.309.665/0001-21,483
484,972.646.262-29,47.026.530/0001-72,484
485,514.630.855-16,55.786.595/0001-44,485
486,623.664.055-61,47.285.518/0001-82,486
487,904.821.482-33,47.543.272/0001-00,487
488,591.009.614-18,97.961.289/0001-47,488
489,136.766.911-13,61.761.326/0001-26,489
490,443.197.511-08,94.563.204/0001-84,490
491,662.549.999-43,86.284.277/0001-09,491
492,050.905.992-97,39.034.916/0001-06,492
493,492.853.075-66,44.904.455/0001-07,493
494,719.603.864-92,21.960.572/0001-92,494
495,928.948.098-08,13.613.989/0001-50,495
496,327.300.306-54,37.664.474/0001-48,496
497,668.719.493-30,16.600.678/0001-45,497
498,773.402.341-01,49.805.037/0001-86,498
499,663.602.058-07,95.103.542/0001-04,499
500,410.629.397-86,58.020.309/0001-23,500
501,823.746.283-10,37.591.803/0001-78,501
502,765.797.569-50,57.237.184/0001-25,502
503,699.496.023-43,78.556.502/0001-90,503
504,816.470.387-74,07.926.979/0001-72,504
505,885.530.832-76,64.346.839/0001-69,505
506,980.226.483-02,47.577.305/0001-24,506
507,393.445.010-50,87.728.583/0001-50,507
508,536.531.997-43,34.743.624/0001-10,508
509,203.280.976-16,70.661.705/0001-35,509
510,266.563.721-98,52.837.157/0001-70,510
511,491.440.457-51,03.864.147/0001-18,511
512,281.961.178-84,49.538.179/0001-24,512
513,855.070.571-33,37.684.904/0001-93,513
514,218.562.017-75,94.880.060/0001-90,514
515,086.039.398-45,30.612.154/0001-03,515
516,538.188.239-44,80.964.029/0001-22,516
517,777.297.605-41,43.200.221/0001-16,517
518,647.289.865-00,82.231.290/0001-49,518
519,011.989.599-40,36.379.697/0001-09,519
520,597.039.657-50,67.718.801/0001-68,520
521,323.242.067-22,08.602.247/0001-90,521
522,616.101.052-65,35.359.278/0001-34,522
523,010.731.673-05,83.540.999/0001-99,523
524,566.890.119-09,19.471.792/0001-00,524
525,473.504.193-17,72.878.658/0001-01,525
526,635.244.877-18,01.653.462/0001-70,526
527,870.976.189-65,25.925.132/0001-55,527
528,563.174.565-85,60.039.409/0001-43,528
529,061.989.628-06,60.889.329/0001-87,529
530,512.661.880-61,24.968.509/0001-90,530
531,709.648.807-33,02.294.072/0001-14,531
532,527.016.866-95,96.195.029/0001-45,532
533,859.172.680-45,50.334.908/0001-00,533
534,667.036.137-88,72.386.895/0001-55,534
535,757.765.171-09,89.815.109/0001-90,535
536,321.461.398-70,65.464.454/0001-69,536
537,860.318.249-30,89.651.666/0001-13,537
538,170.978.027-40,14.786.043/0001-59,538
539,444.281.688-37,64.358.997/0001-39,539
540,747.451.129-04,84.690.865/0001-17,540
541,574.615.925-56,82.316.743/0001-30,541
542,016.561.223-16,67.641.470/0001-05,542
543,063.742.714-91,17.012.065/0001-50,543
544,348.755.079-25,58.050.075/0001-67,544
545,885.452.380-10,58.872.688/0001-80,545
546,066.992.087-80,29.194.481/0001-03,546
547,859.369.442-04,33.943.256/0001-91,547
548,588.045.403-70,07.242.557/0001-88,548
549,482.762.761-48,29.262.708/0001-00,549
550,386.458.958-46,76.322.036/0001-53,550
551,681.308.574-30,75.391.991/0001-80,551
552,539.306.129-33,34.289.612/0001-68,552
553,786.100.774-03,86.376.696/0001-70,553
554,581.911.998-31,46.445.213/0001-28,554
555,746.840.064-41,95.375.012/0001-07,555
556,075.271.550-00,69.659.882/0001-06,556
557,404.370.910-23,62.265.481/0001-14,557
558,803.601.605-22,16.458.187/0001-01,558
559,513.183.223-32,61.527.984/0001-58,559
560,135.370.004-64,35.273.310/0001-64,560
561,830.301.665-20,25.883.439/0001-30,561
562,435.052.197-62,93.004.226/0001-41,562
563,836.798.597-40,00.523.781/0001-07,563
564,627.323.482-52,12.810.522/0001-38,564
565,112.174.369-28,48.790.013/0001-38,565
566,264.702.186-44,62.145.404/0001-20,566
567,406.861.617-50,19.679.163/0001-70,567
568,662.452.914-88,94.640.386/0001-40,568
569,958.033.400-57,85.447.479/0001-61,569
570,077.669.238-07,20.956.020/0001-48,570
571,456.781.177-18,86.582.947/0001-73,571
572,549.297.798-98,31.451.691/0001-73,572
573,239.939.076-80,04.274.556/0001-27,573
574,758.578.126-15,26.775.089/0001-51,574
575,225.459.779-50,12.049.436/0001-54,575
576,906.841.104-74,83.007.728/0001-72,576
577,831.012.792-83,53.319.758/0001-53,577
578,850.003.405-07,41.022.598/0001-05,578
579,090.682.091-08,95.462.378/0001-13,579
580,871.901.066-42,09.566.634/0001-80,580
581,182.114.419-85,43.637.622/0001-38,581
582,813.645.238-50,19.752.106/0001-70,582
583,977.184.483-04,87.928.845/0001-20,583
584,119.764.658-26,13.636.901/0001-16,584
585,703.754.487-64,86.262.000/0001-85,585
586,867.713.237-65,65.992.410/0001-01,586
587,130.507.462-97,39.221.778/0001-66,587
588,814.647.170-60,41.258.026/0001-11,588
589,186.721.800-38,48.034.509/0001-81,589
590,654.323.868-28,08.697.527/0001-29,590
591,553.003.864-64,04.606.194/0001-24,591
592,387.667.999-02,37.889.281/0001-95,592
593,250.827.020-25,96.488.591/0001-67,593
594,736.074.541-16,80.846.243/0001-84,594
595,193.931.562-04,60.399.063/0001-94,595
596,550.872.890-29,30.626.975/0001-90,596
597,674.991.632-53,99.842.256/0001-03,597
598,042.399.899-49,78.807.652/0001-20,598
599,012.848.888-35,13.706.296/0001-02,599
600,325.287.174-23,37.408.746/0001-49,600
601,449.079.658-77,19.361.741/0001-26,601
602,804.653.154-53,51.263.636/0001-67,602
603,644.090.214-86,69.360.595/0001-92,603
604,459.186.073-66,10.155.513/0001-25,604
605,509.295.270-97,52.741.180/0001-66,605
606,997.947.104-23,50.697.618/0001-20,606
607,823.439.942-00,77.957.392/0001-06,607
608,865.125.470-98,40.064.764/0001-65,608
609,764.642.531-15,86.739.178/0001-74,609
610,845.033.274-53,79.317.229/0001-04,610
611,216.087.653-42,13.587.416/0001-08,611
612,890.842.368-07,00.180.368/0001-89,612
613,849.631.068-09,01.342.305/0001-44,613
614,801.798.343-39,46.290.784/0001-30,614
615,113.985.759-25,27.499.238/0001-60,615
616,162.543.943-16,11.739.232/0001-82,616
617,766.485.155-62,96.153.642/0001-08,617
618,606.163.312-23,82.624.739/0001-39,618
619,492.136.887-25,93.200.815/0001-03,619
620,068.872.774-33,06.734.611/0001-40,620
621,301.069.682-54,85.659.305/0001-62,621
622,362.977.595-02,92.418.045/0001-07,622
623,421.516.396-06,15.178.153/0001-09,623
624,581.962.936-15,46.435.060/0001-38,624
625,931.761.158-30,64.553.396/0001-87,625
626,218.608.974-28,52.898.519/0001-32,626
627,665.548.280-10,38.007.002/0001-85,627
628,142.104.399-83,96.349.500/0001-02,628
629,565.659.782-20,18.703.366/0001-92,629
630,896.467.378-62,58.659.833/0001-49,630
631,224.262.995-68,15.559.997/0001-91,631
632,727.680.733-93,93.375.410/0001-06,632
633,939.699.132-50,48.012.115/0001-22,633
634,669.244.759-30,79.309.663/0001-42,634
635,695.291.329-72,65.499.401/0001-83,635
636,519.518.199-34,06.393.349/0001-17,636
637,998.603.684-49,63.600.440/0001-08,637
638,068.802.358-40,01.595.250/0001-84,638
639,388.002.507-00,37.208.997/0001-80,639
640,997.459.597-58,25.683.990/0001-30,640
641,660.995.110-16,47.248.745/0001-38,641
642,424.484.893-27,20.393.678/0001-99,642
643,059.733.457-93,23.985.293/0001-09,643
644,303.953.344-46,35.886.664/0001-84,644
645,029.043.134-43,34.249.352/0001-05,645
646,432.624.934-06,66.702.478/0001-71,646
647,427.071.533-20,00.904.351/0001-27,647
648,199.997.102-71,81.800.358/0001-09,648
649,364.785.131-06,40.352.848/0001-02,649
650,882.906.660-55,07.977.018/0001-97,650
651,864.875.783-55,69.774.735/0001-79,651
652,141.338.465-08,43.496.620/0001-76,652
653,360.878.096-35,51.955.206/0001-06,653
654,524.537.132-48,75.680.181/0001-43,654
655,815.364.053-45,70.692.640/0001-95,655
656,723.622.329-80,52.927.845/0001-20,656
657,132.698.824-75,43.582.112/0001-00,657
658,496.526.341-31,54.977.653/0001-54,658
659,360.557.437-87,18.349.727/0001-44,659
660,157.678.802-47,16.924.625/0001-80,660
661,063.459.100-23,94.713.697/0001-91,661
662,751.205.403-33,63.841.162/0001-72,662
663,227.395.988-58,24.839.332/0001-22,663
664,530.209.934-90,06.371.080/0001-78,664
665,351.076.535-45,58.766.393/0001-29,665
666,297.782.954-76,26.635.630/0001-26,666
667,573.254.507-70,08.236.805/0001-40,667
668,498.618.089-49,87.052.174/0001-86,668
669,329.451.163-91,93.565.583/0001-89,669
670,781.826.792-14,68.013.599/0001-31,670
671,596.085.527-53,71.812.687/0001-08,671
672,782.350.818-49,79.985.366/0001-17,672
673,544.423.116-68,22.268.707/0001-16,673
674,956.972.716-03,64.566.284/0001-60,674
675,803.888.593-77,88.099.427/0001-30,675
676,555.557.152-69,53.574.532/0001-07,676
677,009.686.633-03,18.384.436/0001-97,677
678,357.217.760-05,27.536.627/0001-18,678
679,853.871.637-99,49.759.549/0001-53,679
680,040.933.712-96,93.711.449/0001-49,680
681,736.110.432-06,34.901.874/0001-31,681
682,366.965.928-57,45.754.284/0001-40,682
683,101.672.592-29,49.870.114/0001-81,683
684,856.616.922-00,86.065.939/0001-50,684
685,959.340.023-09,37.553.753/0001-34,685
686,901.518.115-20,87.295.998/0001-87,686
687,559.542.225-41,15.048.307/0001-30,687
688,587.547.955-83,76.706.113/0001-79,688
689,874.218.012-00,64.026.596/0001-81,689
690,919.410.716-51,52.864.192/0001-88,690
691,895.287.732-22,36.977.706/0001-55,691
692,849.975.565-80,10.427.597/0001-09,692
693,622.363.343-20,61.874.693/0001-36,693
694,987.045.320-15,28.868.282/0001-62,694
695,351.662.479-57,78.355.841/0001-09,695
696,890.086.626-55,90.873.046/0001-08,696
697,621.338.709-97,63.426.425/0001-87,697
698,603.157.138-28,46.521.714/0001-46,698
699,866.170.139-21,89.361.367/0001-44,699
700,642.197.749-98,99.736.055/0001-21,700
701,078.583.961-53,76.032.696/0001-08,701
702,169.936.157-62,50.901.946/0001-05,702
703,475.317.345-32,63.582.536/0001-82,703
704,967.791.296-82,87.962.770/0001-01,704
705,370.765.458-37,51.381.653/0001-07,705
706,922.907.008-43,14.141.455/0001-31,706
707,190.292.181-00,71.587.919/0001-71,707
708,696.358.640-35,88.120.694/0001-41,708
709,129.461.215-85,89.285.110/0001-50,709
710,308.409.526-43,47.315.903/0001-25,710
711,493.369.195-98,42.855.340/0001-44,711
712,314.887.313-06,72.805.027/0001-62,712
713,774.449.410-50,28.016.812/0001-44,713
714,447.997.555-10,06.992.218/0001-56,714
715,698.380.028-10,44.349.155/0001-03,715
716,731.463.135-29,99.317.368/0001-45,716
717,519.092.753-95,74.927.448/0001-91,717
718,861.414.477-67,69.252.026/0001-23,718
719,318.430.233-42,43.501.812/0001-23,719
720,295.656.297-50,22.832.745/0001-50,720
721,401.245.184-78,92.631.397/0001-38,721
722,593.093.252-24,76.325.166/0001-40,722
723,772.134.500-69,78.985.883/0001-23,723
724,953.333.077-50,72.322.423/0001-39,724
725,281.849.954-23,03.163.062/0001-02,725
726,103.483.766-42,94.285.973/0001-68,726
727,754.570.232-81,12.253.128/0001-46,727
728,357.998.885-96,42.623.832/0001-04,728
729,345.048.726-41,31.830.291/0001-79,729
730,395.254.837-54,09.973.380/0001-15,730
731,735.705.164-15,30.956.821/0001-67,731
732,353.508.505-55,16.085.286/0001-95,732
733,822.456.448-75,75.810.345/0001-00,733
734,586.977.780-18,58.444.708/0001-11,734
735,038.912.831-72,20.005.613/0001-29,735
736,234.749.873-80,10.432.974/0001-06,736
737,885.196.913-23,37.334.208/0001-57,737
738,078.796.330-57,60.271.701/0001-97,738
739,866.882.012-59,93.653.196/0001-02,739
740,017.252.283-86,92.924.733/0001-30,740
741,571.809.654-64,57.039.442/0001-69,741
742,610.405.186-30,73.993.798/0001-93,742
743,175.947.509-26,16.322.796/0001-39,743
744,943.244.529-11,30.745.233/0001-84,744
745,306.431.622-24,98.774.795/0001-90,745
746,140.904.402-54,68.356.752/0001-23,746
747,021.984.278-77,75.550.788/0001-09,747
748,177.065.981-10,65.189.694/0001-00,748
749,445.402.422-70,47.647.414/0001-70,749
750,631.844.173-52,07.614.693/0001-51,750
751,163.431.101-94,27.258.717/0001-94,751
752,467.935.510-78,26.302.495/0001-05,752
753,187.413.290-90,27.943.432/0001-92,753
754,271.967.848-12,25.604.309/0001-11,754
755,415.154.457-71,37.931.617/0001-30,755
756,155.969.821-72,51.944.601/0001-93,756
757,283.839.464-90,31.045.607/0001-11,757
758,742.835.266-57,96.983.669/0001-10,758
759,560.205.919-99,72.125.827/0001-32,759
760,146.719.830-79,51.666.393/0001-08,760
761,806.755.295-90,62.645.508/0001-02,761
762,198.591.134-59,27.557.876/0001-90,762
763,331.935.891-01,48.700.663/0001-45,763
764,918.283.804-66,76.196.517/0001-60,764
765,581.773.469-97,07.474.222/0001-95,765
766,163.047.763-06,75.563.982/0001-29,766
767,711.031.831-17,12.370.153/0001-00,767
768,688.415.180-30,10.985.308/0001-97,768
769,429.045.177-23,54.000.505/0001-85,769
770,510.511.373-06,31.359.816/0001-30,770
771,422.321.401-21,04.162.736/0001-17,771
772,598.243.302-08,71.242.378/0001-40,772
773,510.220.509-90,20.289.748/0001-63,773
774,376.582.874-23,64.192.336/0001-86,774
775,840.565.479-80,94.567.314/0001-14,775
776,376.256.912-68,03.660.571/0001-40,776
777,516.636.374-40,11.568.534/0001-35,777
778,783.563.936-04,10.977.394/0001-96,778
779,409.931.152-09,75.274.033/0001-29,779
780,917.530.927-01,75.552.307/0001-02,780
781,370.078.202-04,33.472.019/0001-90,781
782,550.450.659-04,49.930.635/0001-87,782
783,501.932.548-16,18.951.674/0001-37,783
784,297.463.321-80,45.548.301/0001-92,784
785,709.004.644-37,23.246.752/0001-32,785
786,297.756.956-19,44.307.198/0001-26,786
787,161.748.022-30,53.745.811/0001-88,787
788,408.870.770-21,02.385.838/0001-76,788
789,863.141.659-20,67.756.865/0001-53,789
790,784.397.231-56,27.796.367/0001-10,790
791,941.943.973-98,34.948.190/0001-95,791
792,702.706.860-53,49.969.950/0001-18,792
793,004.819.126-49,09.590.215/0001-84,793
794,133.685.013-21,39.552.335/0001-58,794
795,008.627.783-95,69.311.377/0001-68,795
796,249.454.896-96,68.328.127/0001-78,796
797,003.820.933-05,88.520.637/0001-50,797
798,634.289.139-73,61.282.674/0001-10,798
799,465.995.635-03,25.546.809/0001-44,799
800,595.292.107-87,98.796.259/0001-95,800
801,049.382.792-74,51.698.703/0001-76,801
802,428.995.830-34,53.613.636/0001-75,802
803,601.001.158-29,56.330.537/0001-74,803
804,790.624.840-69,43.385.176/0001-11,804
805,541.686.228-94,20.048.368/0001-37,805
806,995.485.482-75,21.016.553/0001-02,806
807,896.475.022-57,35.917.039/0001-52,807
808,052.776.707-77,29.935.541/0001-93,808
809,543.828.523-31,81.031.044/0001-80,809
810,331.267.317-83,67.674.115/0001-32,810
811,102.452.531-73,94.665.054/0001-10,811
812,009.001.090-68,52.040.704/0001-91,812
813,801.280.663-00,10.251.535/0001-99,813
814,587.802.596-50,82.248.466/0001-75,814
815,063.350.670-21,13.142.429/0001-65,815
816,211.758.661-99,59.282.220/0001-06,816
817,943.851.545-38,65.278.867/0001-59,817
818,166.459.780-81,93.377.231/0001-08,818
819,434.071.175-66,49.397.568/0001-87,819
820,358.711.227-44,95.323.025/0001-32,820
821,900.431.056-88,45.511.933/0001-81,821
822,690.673.294-36,67.395.660/0001-90,822
823,104.794.933-40,16.251.812/0001-40,823
824,906.635.885-88,05.298.841/0001-40,824
825,012.369.552-00,70.120.793/0001-68,825
826,940.305.690-80,23.719.253/0001-15,826
827,010.940.046-18,24.666.915/0001-07,827
828,747.470.754-37,34.883.867/0001-54,828
829,646.133.889-61,01.486.518/0001-40,829
830,098.368.564-98,73.803.774/0001-24,830
831,181.167.018-00,00.098.251/0001-50,831
832,362.856.066-76,23.121.050/0001-22,832
833,745.641.018-62,66.957.878/0001-28,833
834,612.620.898-67,60.456.893/0001-06,834
835,446.574.521-42,52.121.849/0001-17,835
836,637.046.547-01,81.968.356/0001-15,836
837,302.959.349-56,40.318.397/0001-89,837
838,751.634.222-00,96.184.039/0001-85,838
839,806.848.800-67,58.958.164/0001-06,839
840,456.746.386-24,33.507.509/0001-84,840
841,212.489.570-24,83.244.779/0001-18,841
842,105.956.080-19,07.456.740/0001-86,842
843,041.337.293-66,90.602.920/0001-72,843
844,295.643.876-04,68.962.665/0001-10,844
845,215.417.085-47,25.336.631/0001-07,845
846,575.112.083-39,50.728.674/0001-85,846
847,484.834.420-43,57.956.292/0001-58,847
848,305.881.574-30,44.164.437/0001-36,848
849,553.719.115-61,32.154.841/0001-40,849
850,798.222.353-21,59.669.292/0001-00,850
851,890.730.802-07,82.464.738/0001-74,851
852,928.897.166-19,23.373.417/0001-03,852
853,249.280.232-93,80.469.030/0001-80,853
854,331.993.805-30,17.424.050/0001-07,854
855,738.623.008-70,99.806.723/0001-40,855
856,211.286.510-25,89.321.700/0001-91,856
857,370.508.510-78,08.637.758/0001-47,857
858,636.311.594-98,05.809.862/0001-83,858
859,280.847.580-20,45.392.411/0001-08,859
860,569.088.208-90,61.419.815/0001-02,860
861,281.595.258-00,65.801.957/0001-82,861
862,567.801.652-04,85.666.518/0001-11,862
863,445.811.860-99,31.833.963/0001-08,863
864,487.608.120-44,28.153.169/0001-09,864
865,858.714.555-06,74.657.256/0001-02,865
866,764.360.000-70,66.248.184/0001-11,866
867,193.191.009-00,24.486.564/0001-44,867
868,543.530.302-80,55.101.465/0001-20,868
869,423.065.132-52,85.271.150/0001-92,869
870,640.674.555-85,31.458.268/0001-03,870
871,698.974.547-99,72.336.059/0001-66,871
872,627.787.303-20,04.770.330/0001-17,872
873,162.513.298-07,65.167.764/0001-11,873
874,793.372.590-28,57.141.110/0001-90,874
875,030.563.076-86,73.784.032/0001-07,875
876,401.947.291-25,93.551.329/0001-21,876
877,369.862.138-08,93.338.049/0001-30,877
878,851.516.979-78,57.959.042/0001-71,878
879,950.128.689-43,72.587.864/0001-62,879
880,554.372.708-95,44.204.862/0001-01,880
881,947.910.025-80,49.135.876/0001-34,881
882,227.830.570-00,81.174.881/0001-69,882
883,818.870.583-70,16.658.009/0001-24,883
884,296.863.249-33,42.618.651/0001-90,884
885,859.233.755-08,23.490.663/0001-37,885
886,171.813.774-50,70.156.583/0001-20,886
887,043.391.163-86,17.491.210/0001-22,887
888,466.759.793-37,76.902.896/0001-66,888
889,800.876.710-34,98.987.280/0001-78,889
890,573.565.039-48,08.231.352/0001-60,890
891,525.254.421-21,02.136.075/0001-20,891
892,366.027.937-48,95.000.850/0001-04,892
893,754.939.268-49,70.447.772/0001-51,893
894,569.639.618-67,84.065.868/0001-60,894
895,141.549.568-84,84.786.391/0001-01,895
896,025.823.024-06,45.581.635/0001-68,896
897,330.159.203-16,90.563.675/0001-31,897
898,468.950.034-79,35.594.975/0001-70,898
899,187.051.800-40,39.655.016/0001-78,899
900,235.569.496-60,73.845.815/0001-45,900
901,912.095.237-60,09.459.862/0001-51,901
902,157.842.271-06,17.373.140/0001-08,902
903,256.917.674-53,10.427.721/0001-36,903
904,065.595.408-20,44.626.463/0001-39,904
905,816.309.478-81,25.519.221/0001-00,905
906,248.812.330-76,09.342.845/0001-30,906
907,192.544.057-52,48.802.752/0001-00,907
908,994.029.405-02,92.355.458/0001-81,908
909,988.478.357-80,82.065.915/0001-40,909
910,412.060.756-94,96.613.231/0001-40,910
911,706.235.923-80,53.493.388/0001-76,911
912,880.554.757-33,39.650.007/0001-94,912
913,242.834.245-28,36.423.585/0001-08,913
914,206.522.728-19,15.172.990/0001-12,914
915,680.758.165-36,14.177.487/0001-97,915
916,418.196.050-19,83.832.361/0001-21,916
917,005.579.138-70,65.919.120/0001-32,917
918,309.550.668-67,86.050.830/0001-49,918
919,077.275.044-08,31.876.782/0001-50,919
920,363.487.587-96,81.342.830/0001-07,920
921,998.005.057-84,81.866.961/0001-85,921
922,318.342.967-57,23.733.182/0001-05,922
923,643.137.505-09,25.643.844/0001-81,923
924,361.515.611-04,51.893.276/0001-87,924
925,629.950.197-99,28.067.363/0001-63,925
926,048.393.603-08,80.534.611/0001-59,926
927,991.127.170-61,76.922.502/0001-31,927
928,005.636.325-77,37.368.081/0001-97,928
929,667.520.298-73,98.557.139/0001-35,929
930,554.874.163-20,09.783.443/0001-70,930
931,983.701.890-91,55.062.023/0001-12,931
932,349.938.648-84,82.526.895/0001-67,932
933,163.299.564-64,10.969.216/0001-13,933
934,773.035.065-35,80.370.655/0001-90,934
935,835.860.177-82,61.800.236/0001-05,935
936,944.930.167-01,22.381.886/0001-01,936
937,988.275.011-77,49.614.872/0001-39,937
938,580.849.531-84,82.930.629/0001-03,938
939,824.737.929-50,52.776.712/0001-09,939
940,023.441.282-80,85.763.656/0001-19,940
941,145.358.544-32,68.674.329/0001-71,941
942,442.757.875-60,39.748.328/0001-26,942
943,071.841.292-37,21.637.504/0001-97,943
944,743.736.684-34,26.146.963/0001-91,944
945,120.092.119-44,22.737.922/0001-19,945
946,961.364.918-26,34.151.451/0001-41,946
947,783.695.135-90,52.486.293/0001-62,947
948,853.297.825-89,78.750.668/0001-43,948
949,960.538.171-04,84.135.879/0001-79,949
950,936.481.238-74,58.092.730/0001-40,950
951,172.102.888-99,58.636.181/0001-27,951
952,922.870.676-71,17.819.765/0001-50,952
953,394.372.097-74,75.819.193/0001-06,953
954,868.852.512-91,25.844.822/0001-80,954
955,093.341.389-04,61.205.220/0001-46,955
956,198.613.786-42,57.461.057/0001-05,956
957,038.242.317-86,84.947.988/0001-90,957
958,317.704.758-85,06.144.272/0001-41,958
959,087.063.400-32,91.075.236/0001-42,959
960,367.112.397-41,65.292.496/0001-60,960
961,078.202.571-48,08.343.349/0001-38,961
962,625.391.507-05,67.662.457/0001-32,962
963,766.534.883-14,30.932.937/0001-66,963
964,486.826.787-64,63.496.430/0001-66,964
965,166.124.914-00,59.821.010/0001-30,965
966,134.946.972-64,00.838.320/0001-15,966
967,864.321.690-97,01.355.268/0001-09,967
968,248.255.106-47,18.571.380/0001-80,968
969,676.373.586-31,47.470.670/0001-35,969
970,003.527.672-00,55.763.510/0001-02,970
971,927.606.109-69,19.811.899/0001-50,971
972,181.765.700-36,49.489.389/0001-70,972
973,751.767.812-47,53.576.378/0001-02,973
974,146.961.753-67,19.403.535/0001-31,974
975,047.066.382-08,52.542.507/0001-70,975
976,436.524.689-53,79.060.146/0001-82,976
977,694.331.049-60,77.943.981/0001-35,977
978,248.690.158-20,57.760.415/0001-80,978
979,167.419.151-09,86.120.348/0001-38,979
980,094.235.506-73,46.562.584/0001-90,980
981,736.760.089-36,28.371.154/0001-09,981
982,801.776.937-70,26.799.082/0001-70,982
983,437.675.689-00,43.803.948/0001-98,983
984,606.796.367-14,79.356.275/0001-12,984
985,891.018.685-27,55.183.530/0001-04,985
986,695.133.665-29,40.690.494/0001-06,986
987,181.513.952-81,69.319.634/0001-08,987
988,722.363.457-04,14.889.386/0001-49,988
989,494.545.393-45,11.643.372/0001-52,989
990,880.359.423-01,80.871.817/0001-74,990
991,948.018.115-07,48.765.863/0001-86,991
992,050.799.972-06,54.349.493/0001-07,992
993,485.602.345-43,04.269.508/0001-40,993
994,037.918.265-30,01.399.943/0001-00,994
995,171.723.848-30,86.161.069/0001-12,995
996,089.421.365-24,87.719.503/0001-08,996
997,958.298.362-03,95.595.674/0001-92,997
998,609.176.230-37,83.900.299/0001-68,998
999,512.218.326-03,21.399.767/0001-05,999
